ReferenceCase,Country,PassportID,First,Middle,Last
CA265-37710-51029,CA,CAN439686475,John,AAKRE,SMITH
CA225-57279-39355,CA,CAN621402132,William,ZYWIEC,JOHNSON
US273-53110-23920,US,US278158642,James,ZYSKOWSKI,WILLIAMS
US218-91445-79743,US,US952443752,Charles,ZYSK,JONES
CA223-41864-80035,CA,CAN953053743,George,ZYSETT,BROWN
CA210-74146-98776,CA,CAN319082838,Frank,ZYNDA,DAVIS
US247-82282-44572,US,US130827848,Joseph,ZYMOWSKI,MILLER
US219-63206-39170,US,US149731197,Thomas,ZYLSTRA,WILSON
US224-59112-40993,US,US677634694,Henry,ZYLKA,MOORE
US200-74538-96300,US,US682008751,Robert,ZYLA,TAYLOR
CA206-49502-67316,CA,CAN864298954,Edward,ZYGMONT,ANDERSON
CA238-72886-72727,CA,CAN799122018,Harry,ZYCH,THOMAS
CA211-89215-25541,CA,CAN861290603,Walter,ZYBIA,JACKSON
US266-52854-74496,US,US778693980,Arthur,ZWOLSKI,WHITE
CA244-94825-72633,CA,CAN248703854,Fred,ZWOLINSKI,HARRIS
US231-85281-87669,US,US164692398,Albert,ZWOLENSKY,MARTIN
CA246-69785-55182,CA,CAN370445839,Samuel,ZWOLAK,THOMPSON
CA286-93377-92373,CA,CAN638397696,David,ZWINGMAN,GARCIA
US253-39555-53127,US,US687820945,Louis,ZWINGER,MARTINEZ
CA270-43522-58680,CA,CAN87603581,Joe,ZWILLING,ROBINSON
CA287-58398-54086,CA,CAN57838477,Charlie,ZWIGART,CLARK
CA282-47729-85183,CA,CAN515340496,Clarence,ZWIENER,RODRIGUEZ
US245-37945-66936,US,US30713650,Richard,ZWIEFELHOFER,LEWIS
CA259-35924-22293,CA,CAN760088323,Andrew,ZWIEFEL,LEE
US255-73143-20405,US,US119335335,Daniel,ZWIEBEL,WALKER
US264-48449-85393,US,US971793252,Ernest,ZWICKL,HALL
US260-77827-52309,US,US788499042,Will,ZWICKER,ALLEN
US289-80956-70746,US,US502495497,Jesse,ZWICK,YOUNG
CA294-59969-89808,CA,CAN318746477,Oscar,ZWERSCHKE,HERNANDEZ
US207-79734-94755,US,US473505005,Lewis,ZWEIG,KING
CA203-51952-54918,CA,CAN391046625,Peter,ZWEIFEL,WRIGHT
US288-96596-76312,US,US258308857,Benjamin,ZWEIER,LOPEZ
CA294-66709-46386,CA,CAN735146836,Frederick,ZWART,HILL
US274-40753-41556,US,US219174444,Willie,ZWANZIG,SCOTT
CA288-93110-80417,CA,CAN577149626,Alfred,ZWAHLEN,GREEN
CA250-43057-58076,CA,CAN58977669,Sam,ZWAGERMAN,ADAMS
US239-69009-15079,US,US622478233,Roy,ZWACK,BAKER
CA232-67570-49758,CA,CAN553565081,Herbert,ZVORSKY,GONZALEZ
US296-73857-22832,US,US73575333,Jacob,ZUZIAK,NELSON
CA236-63546-22258,CA,CAN396863121,Tom,ZUWKOWSKI,CARTER
US222-55727-16042,US,US25621471,Elmer,ZUVICH,MITCHELL
CA202-57932-11179,CA,CAN570935699,Carl,ZUVER,PEREZ
CA234-59531-13689,CA,CAN128960757,Lee,ZUTTER,ROBERTS
CA262-91457-51133,CA,CAN880360531,Howard,ZUTELL,TURNER
US271-95967-16800,US,US515417882,Martin,ZUSMAN,PHILLIPS
CA219-73788-87531,CA,CAN362446984,Michael,ZUROWSKI,CAMPBELL
US201-97583-40669,US,US128785989,Bert,ZUROVEC,PARKER
US298-43307-35082,US,US330003261,Herman,ZURO,EVANS
US253-44180-88492,US,US316454560,Jim,ZURN,EDWARDS
US279-55584-66316,US,US757170500,Francis,ZURMILLER,COLLINS
US290-70115-32727,US,US51554512,Harvey,ZURKUS,STEWART
CA208-63102-94125,CA,CAN862962388,Earl,ZURKUHLEN,SANCHEZ
CA296-99642-92042,CA,CAN33073315,Eugene,ZURITA,MORRIS
US262-97576-93799,US,US932191307,Ralph,ZURIN,ROGERS
US262-52944-53468,US,US242740048,Ed,ZURICH,REED
CA269-35121-99770,CA,CAN389959171,Claude,ZURHEIDE,COOK
US299-64035-24911,US,US765159497,Edwin,ZUREK,MORGAN
US221-92175-24415,US,US407421280,Ben,ZURCHER,BELL
CA285-91145-38968,CA,CAN761094556,Charley,ZURAWSKI,MURPHY
US212-60702-21697,US,US533953974,Paul,ZURAWIK,BAILEY
CA292-35283-92965,CA,CAN310579895,Edgar,ZURASKY,RIVERA
CA283-80187-89809,CA,CAN873628249,Isaac,ZUPPA,COOPER
US233-79546-26713,US,US229846531,Otto,ZUPP,RICHARDSON
US248-91398-31119,US,US875382918,Luther,ZUPFER,COX
CA237-37127-52757,CA,CAN35198171,Lawrence,ZUPANCIC,HOWARD
CA257-56698-78202,CA,CAN301453291,Ira,ZUPAN,WARD
CA235-75679-59157,CA,CAN170602325,Patrick,ZUNO,TORRES
US223-74925-32995,US,US832243183,Guy,ZUNKER,PETERSON
CA203-66724-33938,CA,CAN160765612,Oliver,ZUNINO,GRAY
CA273-66153-87702,CA,CAN178861594,Theodore,ZUNIGA,RAMIREZ
CA267-42398-47842,CA,CAN671242129,Hugh,ZUNIEGA,JAMES
CA234-88527-43090,CA,CAN173745434,Clyde,ZUNICH,WATSON
US271-95982-59114,US,US637958702,Alexander,ZUNDEL,BROOKS
CA296-42459-84650,CA,CAN858709148,August,ZUMWALT,KELLY
CA214-39783-81573,CA,CAN877446747,Floyd,ZUMSTEIN,SANDERS
US257-80508-37249,US,US984759771,Homer,ZUMSTEG,PRICE
US223-65753-43795,US,US718919039,Jack,ZUMPFE,BENNETT
CA222-50524-39406,CA,CAN740711085,Leonard,ZUMPANO,WOOD
CA217-87553-80417,CA,CAN764103163,Horace,ZUMOT,BARNES
US227-65103-13154,US,US819896703,Marion,ZUMMO,ROSS
US271-61145-85792,US,US290998736,Philip,ZUMBRUNNEN,HENDERSON
CA206-75320-17036,CA,CAN848406488,Allen,ZUMBRENNEN,COLEMAN
US216-90931-59617,US,US240649601,Archie,ZUMBO,JENKINS
CA224-73446-49821,CA,CAN539003465,Stephen,ZUMBACH,PERRY
CA209-91402-43815,CA,CAN320441150,Chester,ZUMBA,POWELL
US250-70034-40785,US,US928013173,Willis,ZUMAYA,LONG
CA222-92650-66295,CA,CAN308711432,Raymond,ZUMALT,PATTERSON
US291-38513-50436,US,US183608108,Rufus,ZULUAGA,HUGHES
US237-45241-29155,US,US220149946,Warren,ZULLO,FLORES
CA274-47146-51385,CA,CAN986485762,Jessie,ZULLINGER,WASHINGTON
US286-80028-88319,US,US939036902,Milton,ZULLIG,BUTLER
CA256-74344-67543,CA,CAN682893143,Alex,ZULKOWSKI,SIMMONS
US246-34195-84312,US,US201489686,Leo,ZULFER,FOSTER
CA273-63194-73826,CA,CAN612967460,Julius,ZULEGER,GONZALES
CA210-67519-30168,CA,CAN576509717,Ray,ZULAUF,BRYANT
US237-76784-86574,US,US290063876,Sidney,ZUKOWSKY,ALEXANDER
US264-62531-27345,US,US587386254,Bernard,ZUKOWSKI,RUSSELL
CA276-49471-19412,CA,CAN503921411,Dan,ZUKOSKI,GRIFFIN
US218-47152-50708,US,US385794354,Jerry,ZUKOR,DIAZ
US237-80422-67131,US,US595789623,Calvin,ZUKOF,HAYES
CA257-83603-51920,CA,CAN583140514,Perry,ZUKERMAN,MYERS
US295-55922-85180,US,US142833466,Dave,ZUKAS,FORD
CA247-88893-67088,CA,CAN624826817,Anthony,ZUK,HAMILTON
US226-52639-50199,US,US220375931,Eddie,ZUIDEMA,GRAHAM
US203-99762-61073,US,US943915586,Amos,ZUHLKE,SULLIVAN
US238-58148-68712,US,US109184101,Dennis,ZUGG,WALLACE
CA218-87904-66454,CA,CAN184669443,Clifford,ZUFELT,WOODS
CA261-66854-56762,CA,CAN579028815,Leroy,ZUFALL,COLE
US205-40092-53180,US,US259963051,Wesley,ZUERLEIN,WEST
CA255-48941-74387,CA,CAN690050311,Alonzo,ZUERCHER,JORDAN
US289-83820-88549,US,US184003621,Garfield,ZUELKE,OWENS
US273-74647-12987,US,US736257727,Franklin,ZUEHLSDORFF,REYNOLDS
US258-56205-79248,US,US308091525,Emil,ZUEHLS,FISHER
CA262-95326-34431,CA,CAN894526077,Leon,ZUEHLKE,ELLIS
CA290-49437-53348,CA,CAN897306039,Nathan,ZUEHL,HARRISON
US235-90201-40772,US,US636965402,Harold,ZUCLICH,GIBSON
US243-74323-22291,US,US282470457,Matthew,ZUCKERWAR,MCDONALD
CA250-68717-13689,CA,CAN48508872,Levi,ZUCKERMAN,CRUZ
US228-84342-13350,US,US309083903,Moses,ZUCKERBERG,MARSHALL
CA276-64510-32128,CA,CAN220972906,Everett,ZUCKER,ORTIZ
US229-93447-94691,US,US435674749,Lester,ZUCK,GOMEZ
US206-62280-64829,US,US763870563,Winfield,ZUCHOWSKI,MURRAY
US207-84507-58448,US,US92233084,Adam,ZUCHELKOWSKI,FREEMAN
US257-63746-82187,US,US162110854,Lloyd,ZUCHARA,WELLS
US244-92752-85782,US,US350038125,Mack,ZUCH,WEBB
CA244-69206-18703,CA,CAN347831904,Fredrick,ZUCCONI,SIMPSON
US271-64219-41080,US,US32010046,Jay,ZUCCO,STEVENS
US207-57890-37461,US,US888905342,Jess,ZUCCHETTO,TUCKER
US228-41757-93713,US,US415788015,Melvin,ZUCCARO,PORTER
US241-83459-18300,US,US543532068,Noah,ZUCCARELLI,HUNTER
CA215-44809-50364,CA,CAN707617423,Aaron,ZUCCA,HICKS
CA208-86917-28463,CA,CAN843913863,Alvin,ZUBRZYCKI,CRAWFORD
US278-70925-59179,US,US436864487,Norman,ZUBROWSKI,HENRY
US222-56130-59379,US,US238701046,Gilbert,ZUBRIS,BOYD
CA221-72348-75134,CA,CAN857286753,Elijah,ZUBKE,MASON
CA252-61895-56080,CA,CAN565870845,Victor,ZUBIZARRETA,MORALES
CA251-98320-27723,CA,CAN659915230,Gus,ZUBIK,KENNEDY
US241-88061-89977,US,US674927192,Nelson,ZUBIATE,WARREN
US256-84177-37074,US,US754791483,Jasper,ZUBIA,DIXON
US259-89233-67526,US,US171095962,Silas,ZUBERBUHLER,RAMOS
US245-41837-77474,US,US848460480,Christopher,ZUBER,REYES
US204-47132-18731,US,US693282836,Jake,ZUBEK,BURNS
CA295-90110-72712,CA,CAN868471877,Mike,ZUAZO,GORDON
CA202-58630-82658,CA,CAN825787673,Percy,ZUANICH,SHAW
CA219-52096-29808,CA,CAN70014165,Adolph,ZSOHAR,HOLMES
US241-71378-78644,US,US196490475,Maurice,ZSCHOCHE,RICE
CA243-72627-23703,CA,CAN500046753,Cornelius,ZSADANYI,ROBERTSON
US225-95953-90589,US,US581270220,Felix,ZRIMSEK,HUNT
CA204-73994-79454,CA,CAN86324145,Reuben,ZRAKE,BLACK
CA258-95672-91369,CA,CAN607416697,Wallace,ZOZAYA,DANIELS
CA272-77842-54708,CA,CAN456849139,Claud,ZOUTTE,PALMER
US292-53347-26117,US,US662674199,Roscoe,ZOURKOS,MILLS
US254-90443-87799,US,US316415055,Sylvester,ZOUMIS,NICHOLS
CA246-58413-15176,CA,CAN158575518,Earnest,ZOULEK,GRANT
CA288-36705-77107,CA,CAN557523706,Hiram,ZOUCHA,KNIGHT
CA297-95425-24245,CA,CAN825577872,Otis,ZOU,FERGUSON
CA237-83044-19940,CA,CAN365553566,Simon,ZOTTOLA,ROSE
US243-50959-61387,US,US521672720,Willard,ZOTTI,STONE
US246-43708-91403,US,US269548807,Irvin,ZOTOS,HAWKINS
US239-42633-29024,US,US872300006,Mark,ZOSS,DUNN
CA265-50646-83027,CA,CAN172209844,Jose,ZOSEL,PERKINS
US239-58949-22605,US,US456045178,Wilbur,ZORZI,HUDSON
US217-81030-82246,US,US472930320,Abraham,ZORTMAN,SPENCER
CA292-50318-15212,CA,CAN727431162,Virgil,ZORRILLA,GARDNER
CA276-51313-76537,CA,CAN175110214,Clinton,ZORRA,STEPHENS
US250-69401-36983,US,US892512843,Elbert,ZOROIWCHAK,PAYNE
CA228-55758-88504,CA,CAN86410809,Leslie,ZORNS,PIERCE
US212-89992-87049,US,US337005716,Marshall,ZORNES,BERRY
CA255-85756-42774,CA,CAN354052483,Owen,ZORN,MATTHEWS
CA282-44725-85795,CA,CAN264763894,Wiley,ZORMAN,ARNOLD
CA297-76073-60289,CA,CAN360374531,Anton,ZORKO,WAGNER
US285-79736-11373,US,US226501074,Morris,ZORILLA,WILLIS
US290-81502-63470,US,US867433434,Manuel,ZORICH,RAY
US240-78827-48125,US,US322344939,Phillip,ZORENS,WATKINS
CA234-97660-96115,CA,CAN985168405,Augustus,ZORDAN,OLSON
CA252-43794-66001,CA,CAN835983179,Emmett,ZORC,CARROLL
US269-63636-87674,US,US124876324,Eli,ZOQUIER,DUNCAN
US201-54664-68851,US,US569171064,Nicholas,ZOOK,SNYDER
CA254-37871-89005,CA,CAN524368935,Wilson,ZONKER,HART
US212-34671-89585,US,US562708392,Alva,ZONIA,CUNNINGHAM
CA272-66493-84152,CA,CAN717220300,Harley,ZONE,BRADLEY
US240-93992-23953,US,US443970519,Newton,ZONDLO,LANE
CA298-66921-29693,CA,CAN117997600,Timothy,ZONA,ANDREWS
US264-48149-20507,US,US788012503,Marvin,ZOMORODI,RUIZ
CA247-69389-39151,CA,CAN47344578,Ross,ZOMORA,HARPER
CA244-89826-32777,CA,CAN651525840,Curtis,ZOMER,FOX
US223-92816-29154,US,US291640678,Edmund,ZOMBRO,RILEY
US246-80878-28095,US,US113381866,Jeff,ZOMBORY,ARMSTRONG
CA218-50798-56648,CA,CAN838596284,Elias,ZOMBO,CARPENTER
US275-72602-67891,US,US408376744,Harrison,ZOMBERG,WEAVER
CA257-43848-44442,CA,CAN851093268,Stanley,ZOLTY,GREENE
CA200-84673-64245,CA,CAN303660597,Columbus,ZOLTEK,LAWRENCE
US258-67006-99155,US,US531642074,Lon,ZOLONDEK,ELLIOTT
CA284-59858-40205,CA,CAN512420016,Ora,ZOLOCSIK,CHAVEZ
US214-81821-95286,US,US340671027,Ollie,ZOLNOSKE,SIMS
CA205-57115-95995,CA,CAN263939844,Russell,ZOLMAN,AUSTIN
CA217-33359-39104,CA,CAN798158999,Pearl,ZOLLO,PETERS
US204-82822-37304,US,US973447234,Solomon,ZOLLNER,KELLEY
US234-72543-47385,US,US484911930,Arch,ZOLLMAN,FRANKLIN
US289-99255-33234,US,US98805643,Asa,ZOLLINGER,LAWSON
CA294-47668-78182,CA,CAN301057392,Clayton,ZOLLICOFFER,FIELDS
US275-48406-94101,US,US386938657,Enoch,ZOLLER,GUTIERREZ
US273-60734-76693,US,US654073082,Irving,ZOLLARS,RYAN
CA282-34736-23522,CA,CAN469174779,Mathew,ZOLLAR,SCHMIDT
CA220-74575-98852,CA,CAN783802987,Nathaniel,ZOLLA,CARR
CA280-58220-48694,CA,CAN211716720,Scott,ZOLL,VASQUEZ
US217-55878-77728,US,US312854334,Hubert,ZOLINSKI,CASTILLO
US218-56473-83383,US,US705604216,Lemuel,ZOLINAS,WHEELER
US268-93886-57365,US,US364444049,Andy,ZOLEZZI,CHAPMAN
CA228-80915-48603,CA,CAN270256114,Ellis,ZOLDESY,OLIVER
CA259-86300-71849,CA,CAN92335181,Emanuel,ZOLDAK,MONTGOMERY
US299-49813-57493,US,US449788466,Joshua,ZOLA,RICHARDS
CA213-61931-88723,CA,CAN98281644,Millard,ZOHN,WILLIAMSON
US226-49605-44421,US,US532998798,Vernon,ZOGOPOULOS,JOHNSTON
US211-91053-58941,US,US42137382,Wade,ZOGLMANN,BANKS
CA288-75158-15125,CA,CAN127132875,Cyrus,ZOGG,MEYER
CA270-42053-95741,CA,CAN955737342,Miles,ZOGBY,BISHOP
US202-84814-21829,US,US794363826,Rudolph,ZOELLNER,MCCOY
US256-91600-65825,US,US189678367,Sherman,ZOELLICK,HOWELL
US270-85657-33570,US,US49937717,Austin,ZOELLER,ALVAREZ
CA286-67967-31249,CA,CAN81939041,Bill,ZOELLE,MORRISON
CA260-37302-99299,CA,CAN964221772,Chas,ZOEBISCH,HANSEN
US289-68067-28923,US,US303067575,Lonnie,ZODY,FERNANDEZ
US287-46605-88263,US,US9476687,Monroe,ZODROW,GARZA
US226-74967-89060,US,US148520396,Byron,ZODA,HARVEY
US294-56517-82432,US,US601198362,Edd,ZOCKLEIN,LITTLE
CA297-40020-40292,CA,CAN741891982,Emery,ZOCH,BURTON
US264-35116-96158,US,US199355281,Grant,ZOBELL,STANLEY
US204-84502-44903,US,US623653149,Jerome,ZOBEL,NGUYEN
CA244-94954-98754,CA,CAN531706185,Max,ZNIDARSIC,GEORGE
CA271-58406-81437,CA,CAN453392489,Mose,ZMUDA,JACOBS
US251-63311-31262,US,US368886240,Steve,ZMOLEK,REID
CA225-50505-97777,CA,CAN846687940,Gordon,ZMIJEWSKI,KIM
CA284-91482-66669,CA,CAN806759804,Abe,ZMIEJKO,FULLER
US236-63358-98993,US,US20023368,Pete,ZMICH,LYNCH
CA277-80057-70738,CA,CAN471983449,Chris,ZMEK,DEAN
CA228-58879-32729,CA,CAN651983901,Clark,ZLOTNIK,GILBERT
CA246-92611-58863,CA,CAN107370237,Gustave,ZLOTNICK,GARRETT
US206-60732-69234,US,US350660891,Orville,ZLATKIN,ROMERO
US260-72237-70774,US,US207687426,Lorenzo,ZLATEN,WELCH
CA209-37158-37905,CA,CAN395364558,Bruce,ZIZZO,LARSON
US204-96069-21041,US,US660472710,Marcus,ZIZZA,FRAZIER
CA283-70625-73179,CA,CAN306169324,Preston,ZIYAD,BURKE
CA203-42616-87569,CA,CAN49883299,Bob,ZIV,HANSON
CA218-77939-23940,CA,CAN274679657,Dock,ZITZOW,DAY
US283-37015-36630,US,US890119983,Donald,ZITZMANN,MENDOZA
US260-89334-71563,US,US785319209,Jackson,ZITZLOFF,MORENO
CA266-67735-51841,CA,CAN360124493,Cecil,ZITZELBERGER,BOWMAN
US221-57880-92986,US,US317974207,Barney,ZITTEL,MEDINA
CA280-45692-24667,CA,CAN258665684,Delbert,ZITO,FOWLER
CA213-47195-67840,CA,CAN130771223,Edmond,ZITER,BREWER
CA287-82122-98020,CA,CAN827552991,Anderson,ZITA,HOFFMAN
CA229-46730-19903,CA,CAN251083259,Christian,ZISSLER,CARLSON
US292-42411-80684,US,US224893635,Glenn,ZISSER,SILVA
CA299-57148-56558,CA,CAN587280007,Jefferson,ZISKA,PEARSON
US205-37416-39309,US,US672379444,Luke,ZISK,HOLLAND
CA239-99997-83221,CA,CAN960109621,Neal,ZIRKLES,DOUGLAS
US251-89148-44076,US,US975404420,Burt,ZIRKLE,FLEMING
US249-56193-98496,US,US599886019,Ike,ZIRKIND,JENSEN
CA281-47110-87185,CA,CAN920473288,Myron,ZIRKER,VARGAS
CA277-48844-98934,CA,CAN925870434,Tony,ZIRK,BYRD
US220-90872-16978,US,US74357699,Conrad,ZIRIN,DAVIDSON
CA259-37502-80280,CA,CAN651437907,Joel,ZIRCHER,HOPKINS
US269-55929-19552,US,US780979232,Matt,ZIRBEL,MAY
US232-51979-34826,US,US565783048,Riley,ZIRALDO,TERRY
US297-98118-75586,US,US362926336,Vincent,ZIPSE,HERRERA
CA289-69422-66306,CA,CAN450267959,Emory,ZIPPERER,WADE
CA277-68632-60500,CA,CAN599597529,Isaiah,ZIPPE,SOTO
CA227-58257-71049,CA,CAN876831018,Nick,ZIPP,WALTERS
CA297-35577-21776,CA,CAN750064250,Ezra,ZIPKIN,CURTIS
US210-94905-65440,US,US184380673,Green,ZIPFEL,NEAL
CA223-96169-81257,CA,CAN716272279,Juan,ZIPF,CALDWELL
US295-83972-30435,US,US842364746,Clifton,ZIPAY,LOWE
CA271-66496-18038,CA,CAN839403186,Lucius,ZION,JENNINGS
CA298-86246-26465,CA,CAN289233206,Porter,ZIOLKOWSKI,BARNETT
CA284-50537-83739,CA,CAN528083876,Arnold,ZIOLA,GRAVES
CA256-33551-59368,CA,CAN535130967,Bud,ZIOBRO,JIMENEZ
CA231-54603-17570,CA,CAN395829866,Jeremiah,ZINZOW,HORTON
US200-76765-28010,US,US112102195,Taylor,ZINZ,SHELTON
CA263-90400-58195,CA,CAN408533302,Forrest,ZINTER,BARRETT
US261-89983-89954,US,US956122860,Roland,ZINSMEISTER,OBRIEN
US234-82673-85353,US,US729857907,Spencer,ZINSLI,CASTRO
CA259-46066-14532,CA,CAN664752525,Burton,ZINSER,SUTTON
US214-76740-25154,US,US875079463,Don,ZINS,GREGORY
CA231-90841-99009,CA,CAN218702049,Emmet,ZINNO,MCKINNEY
CA290-88153-70352,CA,CAN781727132,Gustav,ZINNI,LUCAS
US263-55080-49132,US,US465576605,Louie,ZINNER,MILES
CA239-64497-51601,CA,CAN585902041,Morgan,ZINN,CRAIG
CA238-46642-94483,CA,CAN73353417,Ned,ZINKL,RODRIQUEZ
US214-48010-50854,US,US220298575,Van,ZINKIEVICH,CHAMBERS
CA284-79997-70703,CA,CAN676715358,Ambrose,ZINKE,HOLT
CA237-66702-39189,CA,CAN875581978,Chauncey,ZINK,LAMBERT
US285-69703-75388,US,US514936036,Elisha,ZINIEWICZ,FLETCHER
US266-97566-14343,US,US440805973,Ferdinand,ZINGONE,WATTS
CA220-56998-39847,CA,CAN526973274,General,ZINGLER,BATES
US231-84153-91632,US,US135571028,Julian,ZINGG,HALE
US249-51505-40243,US,US979283890,Kenneth,ZINGER,RHODES
US293-67730-19481,US,US749085527,Mitchell,ZINGARO,PENA
US278-36407-68646,US,US747625273,Allie,ZINGARELLI,BECK
US254-80664-85675,US,US812394932,Josh,ZINGALE,NEWMAN
CA274-60989-40890,CA,CAN259872358,Judson,ZINDELL,HAYNES
CA234-56960-17487,CA,CAN748155515,Lyman,ZINDEL,MCDANIEL
US268-60480-89831,US,US51243076,Napoleon,ZINDA,MENDEZ
CA274-99486-97000,CA,CAN745014396,Pedro,ZINCKE,BUSH
US285-47668-78305,US,US167751530,Berry,ZINCK,VAUGHN
US213-74716-23414,US,US985024419,Dewitt,ZIN,PARKS
CA249-38825-35303,CA,CAN323090262,Ervin,ZIMMERMANN,DAWSON
US257-93502-25976,US,US453073684,Forest,ZIMMERLY,SANTIAGO
CA223-58657-23462,CA,CAN566045400,Lynn,ZIMMERLI,NORRIS
CA200-88345-92725,CA,CAN478197456,Pink,ZIMMERLE,HARDY
US223-54657-29122,US,US628950395,Ruben,ZIMMERER,LOVE
CA234-41791-38206,CA,CAN709531692,Sanford,ZIMMEREBNER,STEELE
US293-98986-60626,US,US347762108,Ward,ZIMMER,CURRY
US212-72862-40856,US,US916312730,Douglas,ZIMMEL,POWERS
US210-88035-32148,US,US240756291,Ole,ZIMM,SCHULTZ
US216-68263-86775,US,US951009031,Omer,ZIMLICH,BARKER
US205-94856-93469,US,US634268277,Ulysses,ZIMIT,GUZMAN
CA245-39766-50449,CA,CAN722965224,Walker,ZIMINSKI,PAGE
CA202-43928-84940,CA,CAN321085223,Wilbert,ZIMICK,MUNOZ
CA215-88553-81229,CA,CAN768187163,Adelbert,ZIMERMAN,BALL
CA224-85122-34384,CA,CAN566100111,Benjiman,ZIMBELMAN,KELLER
US233-61147-29273,US,US360061042,Ivan,ZIMBA,CHANDLER
US278-49032-51008,US,US276411504,Jonas,ZIMAN,WEBER
CA207-43122-64718,CA,CAN90716750,Major,ZIMA,LEONARD
US281-37495-75548,US,US288214814,Abner,ZILNICKI,WALSH
US276-87497-36343,US,US38494212,Archibald,ZILLS,LYONS
CA212-44010-88979,CA,CAN476125297,Caleb,ZILLMER,RAMSEY
US217-48093-87430,US,US585659393,Clint,ZILLMAN,WOLFE
US219-57779-57999,US,US60977501,Dudley,ZILLIOX,SCHNEIDER
CA219-89492-20906,CA,CAN402325200,Granville,ZILLER,MULLINS
CA232-61572-21540,CA,CAN449375284,King,ZILLA,BENSON
US270-50210-77741,US,US523470686,Mary,ZILL,SHARP
CA222-60296-91663,CA,CAN139289507,Merton,ZILKA,BOWEN
CA245-96771-74729,CA,CAN154901683,Antonio,ZILK,DANIEL
US240-38805-47709,US,US547072329,Bennie,ZILER,BARBER
US288-83330-15823,US,US718097335,Carroll,ZILAHI,CUMMINGS
US252-85555-13425,US,US426477358,Freeman,ZIKO,HINES
US272-96756-47866,US,US175631465,Josiah,ZIKE,BALDWIN
CA214-46272-89529,CA,CAN310780712,Milo,ZIHAL,GRIFFITH
CA288-46884-15140,CA,CAN407649737,Royal,ZIGOMALAS,VALDEZ
CA241-47232-47998,CA,CAN195791612,Dick,ZIGMOND,HUBBARD
US277-72365-24362,US,US159598417,Earle,ZIGLER,SALAZAR
US232-33748-26658,US,US368201034,Elza,ZIGLAR,REEVES
US250-78079-69589,US,US593374282,Emerson,ZIGICH,WARNER
CA246-94668-23206,CA,CAN891018015,Fletcher,ZIFF,STEVENSON
US268-74577-47105,US,US959752703,Judge,ZIETZ,BURGESS
US275-34980-38669,US,US957228186,Laurence,ZIETLOW,SANTOS
US244-44652-87727,US,US796297438,Neil,ZIESMER,TATE
US263-74924-70504,US,US350684973,Roger,ZIESMAN,CROSS
CA265-84297-31227,CA,CAN132717257,Seth,ZIESKE,GARNER
US252-82151-66747,US,US838454201,Glen,ZIESER,MANN
CA242-85612-37967,CA,CAN465897151,Hugo,ZIESEMER,MACK
US232-76045-82935,US,US51343227,Jimmie,ZIESCHANG,MOSS
CA250-99058-51600,CA,CAN741697167,Johnnie,ZIERNICKI,THORNTON
US203-79507-24551,US,US494794734,Washington,ZIERKE,DENNIS
CA272-82042-16130,CA,CAN642479823,Elwood,ZIERK,MCGEE
CA215-43847-43394,CA,CAN54736965,Gust,ZIERER,FARMER
US246-53134-80013,US,US523897043,Harmon,ZIERENBERG,DELGADO
CA290-89492-80871,CA,CAN879691523,Jordan,ZIERDT,AGUILAR
CA231-64696-92095,CA,CAN374436029,Simeon,ZIERDEN,VEGA
CA209-61026-39959,CA,CAN393370649,Wayne,ZIER,GLOVER
CA240-68651-38346,CA,CAN370506375,Wilber,ZIENTEK,MANNING
CA298-61506-20837,CA,CAN937052215,Clem,ZIENTARA,COHEN
US237-77952-34863,US,US788657348,Evan,ZIENCINA,HARMON
US259-48779-97227,US,US42697328,Frederic,ZIEN,RODGERS
US202-72537-61377,US,US200873442,Irwin,ZIEMSKI,ROBBINS
CA279-84246-32401,CA,CAN187373050,Junius,ZIEMS,NEWTON
US204-70592-84466,US,US488023515,Lafayette,ZIEMKE,TODD
US255-56236-91770,US,US207417767,Loren,ZIEMER,BLAIR
CA223-73993-91163,CA,CAN950955778,Madison,ZIEMBA,HIGGINS
CA236-74646-77389,CA,CAN48308223,Mason,ZIEMANN,INGRAM
CA255-85695-76516,CA,CAN106783978,Orval,ZIEMAN,REESE
US271-86671-49253,US,US407626808,Abram,ZIELONKO,CANNON
US287-42141-37889,US,US338029059,Aubrey,ZIELONKA,STRICKLAND
CA215-95283-70861,CA,CAN730839391,Elliott,ZIELKE,TOWNSEND
US222-75211-85414,US,US16093893,Hans,ZIELINSKI,POTTER
CA298-93346-19549,CA,CAN246605125,Karl,ZIELESCH,GOODWIN
CA263-70190-36136,CA,CAN346160873,Minor,ZIELER,WALTON
CA240-80317-61849,CA,CAN125677782,Wash,ZIEL,ROWE
US201-49059-16702,US,US954792680,Wilfred,ZIEK,HAMPTON
US242-37638-25334,US,US655792328,Allan,ZIEHM,ORTEGA
US205-52965-76869,US,US65643565,Alphonse,ZIEGO,PATTON
US243-67879-99698,US,US294364701,Dallas,ZIEGLER,SWANSON
US205-71373-92299,US,US151182925,Dee,ZIEGLEN,JOSEPH
US213-68518-55137,US,US72946718,Isiah,ZIEGER,FRANCIS
US211-93519-83555,US,US681828732,Jason,ZIEGENHAGEN,GOODMAN
US226-50608-95530,US,US904919825,Johnny,ZIEGENFUSS,MALDONADO
US276-74812-87640,US,US906191710,Lawson,ZIEGENBEIN,YATES
CA222-53639-56974,CA,CAN57409151,Lew,ZIEGELBAUER,BECKER
CA235-79934-14462,CA,CAN204756162,Micheal,ZIEGEL,ERICKSON
US290-84865-50127,US,US663749724,Orin,ZIEG,HODGES
CA224-89070-77013,CA,CAN782485080,Addison,ZIEDAN,RIOS
CA245-45160-96353,CA,CAN200568759,Cal,ZIECH,CONNER
US263-61737-73141,US,US180340414,Erastus,ZIEBOLD,ADKINS
US281-73764-71842,US,US514794103,Francisco,ZIEBOL,WEBSTER
US246-98447-90381,US,US873173153,Hardy,ZIEBERT,NORMAN
CA234-48037-11148,CA,CAN390837439,Lucien,ZIEBER,MALONE
CA241-34728-16547,CA,CAN9775048,Randolph,ZIEBELL,HAMMOND
CA213-99669-86613,CA,CAN172194220,Stewart,ZIEBARTH,FLOWERS
US270-51298-46813,US,US821871397,Vern,ZIEBART,COBB
CA243-34313-63621,CA,CAN324199247,Wilmer,ZIEBA,MOODY
US233-41798-84740,US,US693037296,Zack,ZIDZIK,QUINN
US262-51605-12340,US,US929839570,Adrian,ZIDEK,BLAKE
US263-38383-12768,US,US625210286,Alvah,ZIDE,MAXWELL
US246-53770-73912,US,US769638263,Bertram,ZICKUHR,POPE
US219-94528-71622,US,US199149606,Clay,ZICKLER,FLOYD
US299-54658-25518,US,US736238624,Ephraim,ZICKER,OSBORNE
CA280-84015-90233,CA,CAN895838578,Fritz,ZICKEFOOSE,PAUL
US238-51519-23478,US,US13413795,Giles,ZICK,MCCARTHY
CA200-39306-34645,CA,CAN856691254,Grover,ZICHERMAN,GUERRERO
CA207-91982-38920,CA,CAN432947620,Harris,ZICH,LINDSEY
CA231-42025-30661,CA,CAN727238620,Isom,ZICCARDI,ESTRADA
CA207-80449-45088,CA,CAN72399113,Jesus,ZICARI,SANDOVAL
CA284-44588-18456,CA,CAN115161728,Johnie,ZICAFOOSE,GIBBS
CA204-93993-34872,CA,CAN880695846,Jonathan,ZIC,TYLER
US266-91545-95902,US,US554139788,Lucian,ZIBERT,GROSS
CA225-70777-51578,CA,CAN540015593,Malcolm,ZIBELLI,FITZGERALD
CA201-44733-85246,CA,CAN672998984,Merritt,ZIBELL,STOKES
US272-54449-16534,US,US733006924,Otho,ZIAK,DOYLE
CA221-42762-51552,CA,CAN30804672,Perley,ZIADIE,SHERMAN
CA219-91920-17052,CA,CAN674955995,Rolla,ZIADA,SAUNDERS
CA284-85672-37217,CA,CAN40751967,Sandy,ZIAD,WISE
US201-37081-73439,US,US62957415,Tomas,ZIA,COLON
CA229-75415-29077,CA,CAN538994903,Wilford,ZHUANG,GILL
CA235-60685-38489,CA,CAN31080869,Adolphus,ZHU,ALVARADO
CA227-68192-74284,CA,CAN863518426,Angus,ZHOU,GREER
CA266-83378-90913,CA,CAN501840385,Arther,ZHONG,PADILLA
CA229-36506-25047,CA,CAN658880482,Carlos,ZHENG,SIMON
CA213-54990-86863,CA,CAN489796015,Cary,ZHEN,WATERS
CA284-86739-86146,CA,CAN745344250,Cassius,ZHAO,NUNEZ
US207-99061-96637,US,US263907246,Davis,ZHANG,BALLARD
CA219-92595-77902,CA,CAN710961050,Hamilton,ZHANEL,SCHWARTZ
CA284-80256-91003,CA,CAN963045126,Harve,ZGODA,MCBRIDE
US225-70185-79907,US,US672897058,Israel,ZEZIMA,HOUSTON
CA246-95592-64670,CA,CAN82483093,Leander,ZEYER,CHRISTENSEN
US251-53080-37148,US,US779678717,Melville,ZEYADEH,KLEIN
CA263-72527-70927,CA,CAN296849696,Merle,ZEVENBERGEN,PRATT
CA255-74459-54584,CA,CAN40783620,Murray,ZEVALLOS,BRIGGS
US210-86714-39310,US,US410973706,Pleasant,ZEUNER,PARSONS
CA220-74502-69834,CA,CAN312367082,Sterling,ZETZER,MCLAUGHLIN
US230-81727-32829,US,US804425774,Steven,ZETTLER,ZIMMERMAN
US296-37121-33142,US,US645699639,Axel,ZETTLEMOYER,FRENCH
US257-98766-84428,US,US482921568,Boyd,ZETTEL,BUCHANAN
US268-60378-52063,US,US97871307,Bryant,ZETS,MORAN
US246-87048-78526,US,US900206429,Clement,ZETO,COPELAND
US216-84228-86748,US,US256375333,Erwin,ZETINO,ROY
US235-57969-64522,US,US217397510,Ezekiel,ZETINA,PITTMAN
US232-40985-27938,US,US158125737,Foster,ZETES,BRADY
CA216-61517-49862,CA,CAN157517392,Frances,ZESCHKE,MCCORMICK
US276-72697-11974,US,US646081872,Geo,ZESATI,HOLLOWAY
CA238-66378-34695,CA,CAN311540127,Houston,ZERZAN,BROCK
CA283-68561-94089,CA,CAN594906735,Issac,ZERVOS,POOLE
CA264-60228-84629,CA,CAN559703874,Jules,ZERVAS,FRANK
US249-59732-74516,US,US320662693,Larkin,ZERTUCHE,LOGAN
US262-82731-75919,US,US184929375,Mat,ZERRING,OWEN
US247-93017-99236,US,US631060437,Morton,ZERR,BASS
CA289-61566-90173,CA,CAN770762241,Orlando,ZERPHEY,MARSH
CA253-48864-57094,CA,CAN572391893,Pierce,ZEROM,DRAKE
CA245-43125-58970,CA,CAN844204962,Prince,ZERMENO,WONG
CA212-56471-99008,CA,CAN952837214,Rollie,ZERKO,JEFFERSON
CA239-60988-51353,CA,CAN52327335,Rollin,ZERKLE,PARK
CA262-71658-75586,CA,CAN945006104,Sim,ZERINGUE,MORTON
US291-79492-82127,US,US36217281,Stuart,ZERHUSEN,ABBOTT
US262-40723-80083,US,US306292119,Wilburn,ZERGER,SPARKS
US212-97841-38788,US,US413410870,Bennett,ZERCK,PATRICK
CA266-87985-91571,CA,CAN567111099,Casper,ZERCHER,NORTON
US247-56797-69289,US,US328936181,Christ,ZERBY,HUFF
CA288-43907-24825,CA,CAN332574811,Dell,ZERBEL,CLAYTON
US235-43883-62927,US,US76085777,Egbert,ZERBE,MASSEY
US296-95328-39292,US,US504971620,Elmo,ZERBA,LLOYD
US213-96480-44221,US,US370566831,Fay,ZERANGUE,FIGUEROA
US208-79318-89648,US,US451722678,Gabriel,ZERAN,CARSON
US261-84754-79562,US,US567965154,Hector,ZERA,BOWERS
CA237-35623-74998,CA,CAN300711224,Horatio,ZEPP,ROBERSON
CA285-98691-28884,CA,CAN480794419,Lige,ZEPKA,BARTON
CA253-87925-57915,CA,CAN135487745,Saul,ZEPHYR,TRAN
US204-71052-51970,US,US683943610,Smith,ZEPHIER,LAMB
US254-82872-19861,US,US55492127,Squire,ZEPF,HARRINGTON
US275-93569-52223,US,US330697980,Tobe,ZEPEDA,CASEY
CA240-58012-18356,CA,CAN46625027,Tommie,ZEOLLA,BOONE
US294-48722-15067,US,US82343689,Wyatt,ZEOLI,CORTEZ
CA200-74971-83064,CA,CAN807338840,Alford,ZENZEN,CLARKE
US230-68478-30023,US,US500935711,Alma,ZENZ,MATHIS
US224-56227-38672,US,US795377379,Alton,ZENTZ,SINGLETON
CA211-74614-19550,CA,CAN605570625,Andres,ZENTS,WILKINS
US239-53790-14620,US,US773842676,Burl,ZENTNER,CAIN
US296-67057-17951,US,US949399853,Cicero,ZENTGRAF,BRYAN
CA288-38302-12949,CA,CAN88767696,Dean,ZENTENO,UNDERWOOD
US262-96058-21029,US,US146986819,Dorsey,ZENT,HOGAN
US291-39572-72120,US,US550101475,Enos,ZENS,MCKENZIE
CA238-43961-97726,CA,CAN869630333,Howell,ZENOR,COLLIER
US285-67456-21637,US,US237002988,Lou,ZENON,LUNA
CA239-33757-68744,CA,CAN787783253,Loyd,ZENO,PHELPS
US203-68339-95687,US,US69846627,Mahlon,ZENNER,MCGUIRE
US255-89517-23888,US,US380176378,Nat,ZENKER,ALLISON
CA286-67044-98243,CA,CAN664313727,Omar,ZENKE,BRIDGES
US262-50869-36266,US,US10014784,Oran,ZENK,WILKERSON
US299-80712-46554,US,US187606743,Parker,ZENISEK,NASH
CA217-50033-59446,CA,CAN139258304,Raleigh,ZENI,SUMMERS
CA260-87493-11558,CA,CAN715223781,Reginald,ZENGER,ATKINS
US226-66866-46479,US,US99286145,Rubin,ZENG,WILCOX
CA241-85292-24322,CA,CAN955888890,Seymour,ZENER,PITTS
US268-62250-90313,US,US166620063,Wm,ZENDER,CONLEY
CA278-40856-19150,CA,CAN83470793,Young,ZENDEJAS,MARQUEZ
US221-65850-81760,US,US940631319,Benjamine,ZENBAVER,BURNETT
US206-86214-45830,US,US948966010,Carey,ZENA,RICHARD
CA277-90525-85648,CA,CAN476550280,Carlton,ZEMPEL,COCHRAN
US267-44226-55677,US,US864971870,Eldridge,ZEMON,CHASE
US290-63377-94217,US,US903081405,Elzie,ZEMLICKA,DAVENPORT
CA259-57857-67055,CA,CAN98322782,Garrett,ZEMKE,HOOD
CA205-94727-61518,CA,CAN803902912,Isham,ZEMJANIS,GATES
CA235-47968-77172,CA,CAN896338054,Johnson,ZEMINSKI,CLAY
US236-55177-72849,US,US38318867,Larry,ZEMEL,AYALA
CA284-44311-37486,CA,CAN168214434,Logan,ZEME,SAWYER
CA271-54108-81137,CA,CAN445782803,Merrill,ZEMBOWER,ROMAN
US209-70858-93716,US,US764980683,Mont,ZEMATIS,VAZQUEZ
US200-86424-11719,US,US258381930,Oren,ZEMAN,DICKERSON
US230-66280-85954,US,US979718299,Pierre,ZEMAITIS,HODGE
US276-72479-56538,US,US173498194,Rex,ZEMA,ACOSTA
CA267-85166-53902,CA,CAN818998366,Rodney,ZELTNER,FLYNN
US286-77089-22486,US,US321162157,Ted,ZELTMANN,ESPINOZA
CA257-64941-87930,CA,CAN710053248,Webster,ZELONIS,NICHOLSON
CA279-93253-95635,CA,CAN808203551,West,ZELNICK,MONROE
CA258-61859-93277,CA,CAN268761013,Wheeler,ZELMAR,WOLF
CA217-38150-28871,CA,CAN119009449,Willam,ZELMAN,MORROW
US227-90515-34840,US,US91280254,Al,ZELLOUS,KIRK
US264-43724-40713,US,US176137049,Aloysius,ZELLNER,RANDALL
CA274-74509-89070,CA,CAN196574285,Alvie,ZELLMER,ANTHONY
US263-87545-94578,US,US216631901,Anna,ZELLMANN,WHITAKER
CA204-79260-12211,CA,CAN272920489,Art,ZELLMAN,OCONNOR
CA211-71842-75638,CA,CAN885715162,Augustine,ZELLINGER,SKINNER
US218-83596-54548,US,US796522036,Bailey,ZELLERS,WARE
US219-40564-18592,US,US895531605,Benjaman,ZELLER,MOLINA
CA265-38078-83748,CA,CAN127262577,Beverly,ZELLEFROW,KIRBY
CA200-84585-94039,CA,CAN649167218,Bishop,ZELLE,HUFFMAN
US259-99342-35981,US,US597375119,Clair,ZELLARS,BRADFORD
CA217-89614-42021,CA,CAN298222954,Cloyd,ZELLA,CHARLES
CA224-48103-69163,CA,CAN286343002,Coleman,ZELL,GILMORE
CA262-54369-24849,CA,CAN284216049,Dana,ZELKO,DOMINGUEZ
US248-38837-53463,US,US115971376,Duncan,ZELKIND,ONEAL
US290-93904-98004,US,US219463090,Dwight,ZELKIN,BRUCE
US291-85256-75041,US,US504772334,Emile,ZELINSKY,LANG
US276-68986-77955,US,US330319442,Evert,ZELINSKI,COMBS
US230-88613-84641,US,US715500276,Henderson,ZELINKA,KRAMER
CA209-54317-32885,CA,CAN957566947,Hunter,ZELIFF,HEATH
US299-78296-15339,US,US361873359,Jean,ZELEZNIK,HANCOCK
US271-89469-96446,US,US119372976,Lem,ZELENY,GALLAGHER
CA264-99160-16941,CA,CAN932991075,Luis,ZELENSKI,GAINES
US235-98099-51818,US,US486050650,Mathias,ZELENKO,SHAFFER
CA204-98291-70997,CA,CAN838691878,Maynard,ZELENKA,SHORT
US222-47866-81957,US,US618568554,Miguel,ZELEK,WIGGINS
CA235-94737-46704,CA,CAN799548019,Mortimer,ZELEDON,MATHEWS
CA218-82588-58258,CA,CAN138225765,Nels,ZELECHOWSKI,MCCLAIN
US217-74795-91056,US,US668635268,Norris,ZELE,FISCHER
US266-71863-23807,US,US311769916,Pat,ZELDIN,WALL
CA296-78208-85315,CA,CAN463231268,Phil,ZELAZO,SMALL
US222-55737-61987,US,US809423500,Rush,ZELAYA,MELTON
CA245-93207-59021,CA,CAN952084387,Santiago,ZELASKO,HENSLEY
CA221-36888-13941,CA,CAN206289877,Sol,ZELASCO,BOND
CA202-46011-35373,CA,CAN422883363,Sydney,ZELADA,DYER
US255-59850-45570,US,US766186217,Thaddeus,ZEKRIA,CAMERON
US299-88457-34872,US,US696686522,Thornton,ZEITZ,GRIMES
US284-68777-42524,US,US700369442,Tim,ZEITLIN,CONTRERAS
US200-77100-73619,US,US654039696,Travis,ZEITLER,CHRISTIAN
US207-79467-37053,US,US337599365,Truman,ZEISS,WYATT
CA242-59570-56973,CA,CAN772692858,Watson,ZEISLER,BAXTER
US241-51081-72874,US,US933823637,Webb,ZEISER,SNOW
US275-79249-79070,US,US130739968,Wellington,ZEISE,MOSLEY
US292-77867-39387,US,US741718755,Winfred,ZEIS,SHEPHERD
CA208-68523-46841,CA,CAN232531696,Wylie,ZEINERT,LARSEN
CA284-58708-74605,CA,CAN306876642,Alec,ZEINER,HOOVER
US244-73585-52905,US,US962259850,Basil,ZEIMETZ,BEASLEY
CA253-87788-33587,CA,CAN851335911,Baxter,ZEIMET,GLENN
CA262-98651-71063,CA,CAN256105832,Bertrand,ZEIMANTZ,PETERSEN
US228-92052-35289,US,US50219824,Buford,ZEILMAN,WHITEHEAD
CA277-63594-77358,CA,CAN337235529,Burr,ZEILINGER,MEYERS
CA224-94374-52680,CA,CAN315360440,Cleveland,ZEILER,KEITH
US272-45365-97967,US,US925967888,Colonel,ZEIGLER,GARRISON
CA293-38678-57810,CA,CAN757885230,Dempsey,ZEIGER,VINCENT
US296-64641-52528,US,US277943631,Early,ZEIER,SHIELDS
US231-84495-69373,US,US125952294,Ellsworth,ZEIDMAN,HORN
US233-38306-30260,US,US733315236,Fate,ZEIDLER,SAVAGE
US258-66439-15451,US,US924815018,Finley,ZEIDERS,OLSEN
CA227-43643-68808,CA,CAN86018784,Gabe,ZEIDAN,SCHROEDER
CA280-89445-72770,CA,CAN886498347,Garland,ZEHRING,HARTMAN
CA245-79825-34498,CA,CAN167500711,Gerald,ZEHRER,WOODARD
US220-34944-92994,US,US346326622,Herschel,ZEHRBACH,MUELLER
CA250-56131-20693,CA,CAN216199604,Hezekiah,ZEHR,KEMP
CA259-71894-93126,CA,CAN510891057,Justus,ZEHNPFENNIG,DELEON
US204-51096-42077,US,US838949956,Lindsey,ZEHNER,BOOTH
US262-80295-70459,US,US699870839,Marcellus,ZEHNDER,PATEL
CA203-77910-16227,CA,CAN635630362,Olaf,ZEHERQUIST,CALHOUN
CA257-68793-70246,CA,CAN34450120,Olin,ZEHENDER,WILEY
CA297-39229-40747,CA,CAN372156269,Pablo,ZEHE,EATON
US283-64518-77689,US,US800288375,Rolland,ZEH,CLINE
US297-35475-69950,US,US648652416,Turner,ZEGER,NAVARRO
US242-36217-60569,US,US466524038,Verne,ZEGARRA,HARRELL
US263-89875-51400,US,US821003024,Volney,ZEGARELLI,LESTER
CA237-55826-60917,CA,CAN585375065,Williams,ZEGAR,HUMPHREY
US237-54186-18063,US,US319912773,Almon,ZEGA,PARRISH
US282-78646-24979,US,US449041180,Alois,ZEFF,DURAN
US219-40670-64063,US,US869461040,Alonza,ZEEMAN,HUTCHINSON
US246-71207-24615,US,US324619154,Anson,ZEEK,HESS
CA292-95769-26991,CA,CAN77467162,Authur,ZEEGERS,DORSEY
CA277-87178-81783,CA,CAN326250569,Benton,ZEEB,BULLOCK
US278-72052-37177,US,US446397308,Billie,ZEE,ROBLES
US211-44600-30481,US,US590608933,Cornelious,ZEDIKER,BEARD
US295-55092-47351,US,US82721050,Darius,ZEDIAN,DALTON
CA233-53460-71999,CA,CAN846263045,Denis,ZEDAKER,AVILA
CA255-34734-49221,CA,CAN337179254,Dillard,ZECKZER,VANCE
CA241-86200-70302,CA,CAN686836146,Doctor,ZECK,RICH
US207-88243-24260,US,US44772427,Elvin,ZECHMAN,BLACKWELL
US273-35050-85296,US,US494644357,Emma,ZECHIEL,YORK
CA285-93663-20720,CA,CAN904224749,Eric,ZECHES,JOHNS
CA264-44002-36963,CA,CAN800868579,Evans,ZECHER,BLANKENSHIP
CA226-74475-67840,CA,CAN213001770,Gideon,ZECH,TREVINO
US245-52892-96215,US,US399137576,Haywood,ZECCHINI,SALINAS
US231-38831-34016,US,US22548601,Hilliard,ZECCARDI,CAMPOS
CA259-70270-61002,CA,CAN489890325,Hosea,ZECCA,PRUITT
CA223-93167-83618,CA,CAN557498480,Lincoln,ZEBROWSKI,MOSES
US283-53786-35370,US,US377504620,Lonzo,ZEBRACKI,CALLAHAN
CA221-83940-39553,CA,CAN331441263,Lucious,ZEBLEY,GOLDEN
US299-33688-40541,US,US559879912,Lum,ZEBELL,MONTOYA
US282-36881-78542,US,US967896454,Malachi,ZEBEL,HARDIN
CA272-55359-43915,CA,CAN79564505,Newt,ZEAVALA,GUERRA
CA222-56978-41431,CA,CAN365612936,Noel,ZEARFOSS,MCDOWELL
CA281-66038-16571,CA,CAN521200514,Orie,ZEANAH,CAREY
US274-59517-36049,US,US878536706,Palmer,ZEALS,STAFFORD
CA226-51326-31699,CA,CAN797335268,Pinkney,ZEAGLER,GALLEGOS
CA293-49611-86349,CA,CAN842706784,Shirley,ZEA,HENSON
US237-86729-26311,US,US318754283,Sumner,ZDROJKOWSKI,WILKINSON
CA290-35134-80187,CA,CAN277231882,Terry,ZDON,BOOKER
US245-79733-69569,US,US243827654,Urban,ZDENEK,MERRITT
US212-99910-81753,US,US113582161,Uriah,ZDANOWICZ,MIRANDA
CA254-82859-63522,CA,CAN329806682,Valentine,ZBRANEK,ATKINSON
CA232-69248-85112,CA,CAN832807912,Waldo,ZBORAL,ORR
US239-92764-12906,US,US977494671,Warner,ZBINDEN,DECKER
US207-84312-55729,US,US325435297,Wong,ZBIKOWSKI,HOBBS
US214-45392-24391,US,US709064546,Zeb,ZBIERSKI,PRESTON
US210-76991-79969,US,US154907780,Abel,ZBELL,TANNER
CA237-46160-12104,CA,CAN729799219,Alden,ZAZULA,KNOX
US288-75980-34259,US,US345860448,Archer,ZAZUETA,PACHECO
CA211-53796-38598,CA,CAN220741877,Avery,ZAZOZDOR,STEPHENSON
CA285-39854-64331,CA,CAN145956174,Carson,ZAZA,GLASS
US247-90663-17879,US,US527860470,Cullen,ZAYICEK,ROJAS
US204-82763-99723,US,US317789217,Doc,ZAYAS,SERRANO
US218-46838-72658,US,US666706213,Eben,ZAYAC,MARKS
CA271-83659-95639,CA,CAN908400819,Elige,ZAYA,HICKMAN
US228-80972-69366,US,US361608253,Elizabeth,ZAXAS,ENGLISH
US243-92184-45699,US,US554446789,Elmore,ZAWISTOWSKI,SWEENEY
CA206-67833-33817,CA,CAN340930334,Ernst,ZAWISLAK,STRONG
US217-43368-63751,US,US384640307,Finis,ZAWASKY,PRINCE
US246-45075-31136,US,US642530301,Freddie,ZAWADZKI,MCCLURE
US216-37188-53468,US,US408013699,Godfrey,ZAWACKI,CONWAY
CA216-90858-17748,CA,CAN634794109,Guss,ZAVODNY,WALTER
US268-76000-91958,US,US131375169,Hamp,ZAVITZ,ROTH
CA237-36036-38897,CA,CAN229057235,Hermann,ZAVESKY,MAYNARD
US234-38114-97036,US,US405109071,Isadore,ZAVERL,FARRELL
US206-98691-38735,US,US426795174,Isreal,ZAVCEDO,LOWERY
US269-75110-19361,US,US793258430,Jones,ZAVATTIERI,HURST
CA287-70006-73000,CA,CAN110982155,June,ZAVATSON,NIXON
CA277-64093-17295,CA,CAN832353194,Lacy,ZAVASKY,WEISS
CA214-67109-68864,CA,CAN31227579,Lafe,ZAVALZA,TRUJILLO
CA259-45716-70020,CA,CAN88460586,Leland,ZAVALETA,ELLISON
CA265-47561-80182,CA,CAN840342082,Llewellyn,ZAVALA,SLOAN
US278-97148-21834,US,US185331106,Ludwig,ZAVADOSKI,JUAREZ
US230-91750-43422,US,US321537126,Manford,ZAVACKY,WINTERS
CA212-99109-60449,CA,CAN584784453,Maxwell,ZAUSCH,MCLEAN
CA279-90932-19046,CA,CAN484289580,Minnie,ZAUNER,RANDOLPH
US273-74083-46399,US,US41307370,Obie,ZAUNBRECHER,LEON
US227-79699-75425,US,US316517007,Octave,ZAUGG,BOYER
US258-78841-60685,US,US793260327,Orrin,ZAUCHA,VILLARREAL
CA270-40460-79661,CA,CAN128675314,Ossie,ZAUALA,MCCALL
CA262-81341-19315,CA,CAN390223717,Oswald,ZATORSKI,GENTRY
CA295-65225-59936,CA,CAN543662018,Park,ZATKO,CARRILLO
CA235-95788-65928,CA,CAN959994635,Parley,ZATARAIN,KENT
US216-39340-50923,US,US361161894,Ramon,ZASTROW,AYERS
US283-49155-41719,US,US167836684,Rice,ZASTAWNY,LARA
US272-33597-52029,US,US719722117,Stonewall,ZASSO,SHANNON
CA215-92774-55083,CA,CAN536075191,Theo,ZASPEL,SEXTON
US236-68098-16668,US,US821708587,Tillman,ZARZYCKI,PACE
CA205-74409-70451,CA,CAN74778483,Addie,ZARZUELA,HULL
US248-47338-29753,US,US948631133,Aron,ZARYCKI,LEBLANC
CA208-57611-61213,CA,CAN462005650,Ashley,ZARUCKI,BROWNING
CA212-88463-95688,CA,CAN274983085,Bernhard,ZARUBA,VELASQUEZ
US234-91192-24703,US,US25488558,Bertie,ZARTMAN,LEACH
CA230-43669-32912,CA,CAN103884747,Berton,ZART,CHANG
CA208-53632-76258,CA,CAN66163245,Buster,ZARRO,HOUSE
US274-73659-27111,US,US914480003,Butler,ZARRINEH,SELLERS
US278-95326-25334,US,US321864754,Carleton,ZARRILLO,HERRING
US263-39044-83957,US,US32404711,Carrie,ZARRIELLO,NOBLE
CA251-91448-37798,CA,CAN832700531,Clara,ZARRELLA,FOLEY
US282-73302-69624,US,US434336149,Clarance,ZARRALUQUI,BARTLETT
US255-54628-36208,US,US174078704,Clare,ZARRABI,MERCADO
US254-35753-52837,US,US274799192,Crawford,ZARR,LANDRY
US211-86441-90949,US,US694298820,Danial,ZAROZINSKI,DURHAM
CA217-73069-32454,CA,CAN879266205,Dayton,ZARO,WALLS
CA251-65083-74663,CA,CAN913474993,Dolphus,ZARNICK,BARR
CA202-69245-55124,CA,CAN215563358,Elder,ZARN,MCKEE
US264-59303-59782,US,US407411402,Ephriam,ZARLINGO,BAUER
CA239-55123-24686,CA,CAN691093038,Fayette,ZARLING,RIVERS
US293-87518-58571,US,US785789719,Felipe,ZARLENGO,EVERETT
CA277-87283-63630,CA,CAN939879695,Fernando,ZARLENGA,BRADSHAW
CA261-63110-17149,CA,CAN252281054,Flem,ZARKIN,PUGH
CA292-99123-70777,CA,CAN573538534,Florence,ZARITSKY,VELEZ
CA295-86252-69363,CA,CAN29321448,Ford,ZARING,RUSH
US274-74377-65999,US,US652871891,Harlan,ZARIN,ESTES
US240-86567-42544,US,US255520752,Hayes,ZARILLO,DODSON
US275-40220-81830,US,US589159600,Henery,ZARILLA,MORSE
CA246-46781-20178,CA,CAN535400617,Hoy,ZARI,SHEPPARD
CA210-64895-76345,CA,CAN724809671,Huston,ZARETSKY,WEEKS
US281-70756-54130,US,US868682675,Ida,ZAREN,CAMACHO
US287-43975-11664,US,US10044275,Ivory,ZAREMSKI,BEAN
CA286-87010-37790,CA,CAN147931869,Jonah,ZAREMBA,BARRON
CA210-89329-67947,CA,CAN109091981,Justin,ZARELLA,LIVINGSTON
CA202-73490-24331,CA,CAN801618925,Lenard,ZAREK,MIDDLETON
US206-72934-46720,US,US587887122,Leopold,ZAREBSKI,SPEARS
US228-94598-67672,US,US77194999,Lionel,ZARCONE,BRANCH
CA244-64453-53735,CA,CAN793448512,Manley,ZARCO,BLEVINS
US218-64077-32972,US,US626421236,Marquis,ZARAZUA,CHEN
US200-48667-80036,US,US196840421,Marshal,ZARATE,KERR
US270-64774-51111,US,US590324946,Mart,ZARAGOZA,MCCONNELL
CA269-41290-52715,CA,CAN285397038,Odie,ZARAGOSA,HATFIELD
CA242-71999-88184,CA,CAN300375591,Olen,ZAR,HARDING
US249-61570-18751,US,US234837495,Oral,ZAPPULLA,ASHLEY
US280-73083-20956,US,US114178283,Orley,ZAPPONE,SOLIS
US238-35615-21877,US,US722650359,Otha,ZAPPOLO,HERMAN
CA221-56321-62709,CA,CAN152555304,Press,ZAPPILE,FROST
CA287-63638-21226,CA,CAN863045898,Price,ZAPPIA,GILES
CA201-71424-38081,CA,CAN897438925,Quincy,ZAPPAVIGNA,BLACKBURN
US296-41791-80159,US,US535103602,Randall,ZAPPALA,WILLIAM
US255-96211-29365,US,US808000674,Rich,ZAPPA,PENNINGTON
US247-43457-59365,US,US944950049,Richmond,ZAPP,WOODWARD
US298-92901-99183,US,US347039525,Romeo,ZAPOTICKY,FINLEY
CA231-42604-18585,CA,CAN331756553,Russel,ZAPIEN,MCINTOSH
US230-87167-41167,US,US788214586,Rutherford,ZAPICO,KOCH
US221-50728-88600,US,US82375544,Shade,ZAPF,BEST
CA209-62193-21745,CA,CAN380520164,Shelby,ZAPEL,SOLOMON
CA254-43856-40575,CA,CAN520418730,Solon,ZAPATO,MCCULLOUGH
CA229-85898-35777,CA,CAN508440976,Thurman,ZAPATERO,DUDLEY
CA270-73355-24478,CA,CAN279329495,Tilden,ZAPATAS,NOLAN
CA256-70005-14232,CA,CAN751892932,Troy,ZAPATA,BLANCHARD
US274-75512-32375,US,US691265334,Woodson,ZAPANTA,RIVAS
CA263-63570-48275,CA,CAN513664517,Worth,ZAPALAC,BRENNAN
US247-67747-48684,US,US296360824,Aden,ZANUETA,MEJIA
CA262-55614-13167,CA,CAN474943584,Alcide,ZANTOW,KANE
US271-51086-50071,US,US276362033,Alf,ZANTER,BENTON
US233-91868-51964,US,US85197763,Algie,ZANT,JOYCE
CA236-34511-34264,CA,CAN471578584,Arlie,ZANOTTI,BUCKLEY
US264-92856-96542,US,US298702439,Bart,ZANOLA,HALEY
CA238-72704-76677,CA,CAN381077722,Bedford,ZANNINO,VALENTINE
US244-53698-35789,US,US125814953,Benito,ZANNINI,MADDOX
US257-73782-29434,US,US817956369,Billy,ZANNI,RUSSO
CA263-60011-11222,CA,CAN926578218,Bird,ZANK,MCKNIGHT
US283-75417-43602,US,US523089016,Birt,ZANIS,BUCK
US236-78484-79575,US,US21556640,Bruno,ZANINI,MOON
US275-90929-55251,US,US400241488,Burley,ZANIN,MCMILLAN
CA282-85791-33990,CA,CAN679287162,Chancy,ZANIBONI,CROSBY
US202-71704-38009,US,US579531859,Claus,ZANI,BERG
US200-84081-90762,US,US544722724,Cliff,ZANGL,DOTSON
CA289-82452-30332,CA,CAN137883795,Clovis,ZANGHI,MAYS
CA244-85842-12616,CA,CAN736698247,Connie,ZANGGER,ROACH
